{
    "batch_size": 1,
    "lr": 0.000001,
    "n_epochs": 10,
    "warmup": 0.000001
}
